series_id,year,period,value,month,region,lagvalue,DATE,TB4WK,r
CUUR0100SA0,2003,M01,190.5,1,Northeast,,1/1/03,1.15,
CUUR0200SA0,2003,M01,176.2,1,Midwest,251.67,1/1/03,1.15,1.44987682282
CUUR0300SA0,2003,M01,175.1,1,South,222.722,1/1/03,1.15,1.36381812304
CUUR0400SA0,2003,M01,186.6,1,West,229.581,1/1/03,1.15,1.33721496988
CUUR0100SA0,2003,M02,191.7,2,Northeast,190.5,2/1/03,1.18,1.1737007874
CUUR0200SA0,2003,M02,177.8,2,Midwest,176.2,2/1/03,1.18,1.17091940976
CUUR0300SA0,2003,M02,176.4,2,South,175.1,2/1/03,1.18,1.17257567105
CUUR0400SA0,2003,M02,188.1,2,West,186.6,2/1/03,1.18,1.17196141479
CUUR0100SA0,2003,M03,193.0,3,Northeast,191.7,3/1/03,1.16,1.15321857068
CUUR0200SA0,2003,M03,178.6,3,Midwest,177.8,3/1/03,1.16,1.15550056243
CUUR0300SA0,2003,M03,177.5,3,South,176.4,3/1/03,1.16,1.15376417234
CUUR0400SA0,2003,M03,189.3,3,West,188.1,3/1/03,1.16,1.15362041467
CUUR0100SA0,2003,M04,192.6,4,Northeast,193.0,4/1/03,1.14,1.14207253886
CUUR0200SA0,2003,M04,177.8,4,Midwest,178.6,4/1/03,1.14,1.14447928331
CUUR0300SA0,2003,M04,177.4,4,South,177.5,4/1/03,1.14,1.14056338028
CUUR0400SA0,2003,M04,188.8,4,West,189.3,4/1/03,1.14,1.14264131009
CUUR0100SA0,2003,M05,192.7,5,Northeast,192.6,5/1/03,1.06,1.0594807892
CUUR0200SA0,2003,M05,177.7,5,Midwest,177.8,5/1/03,1.06,1.0605624297
CUUR0300SA0,2003,M05,176.8,5,South,177.4,5/1/03,1.06,1.06338218715
CUUR0400SA0,2003,M05,188.5,5,West,188.8,5/1/03,1.06,1.06158898305
CUUR0100SA0,2003,M06,192.8,6,Northeast,192.7,6/1/03,0.96,0.95948105864
CUUR0200SA0,2003,M06,178.4,6,Midwest,177.7,6/1/03,0.96,0.95606077659
CUUR0300SA0,2003,M06,177.2,6,South,176.8,6/1/03,0.96,0.957737556561
CUUR0400SA0,2003,M06,188.1,6,West,188.5,6/1/03,0.96,0.962122015915
CUUR0100SA0,2003,M07,193.5,7,Northeast,192.8,7/1/03,0.88,0.876369294606
CUUR0200SA0,2003,M07,178.1,7,Midwest,178.4,7/1/03,0.88,0.88168161435
CUUR0300SA0,2003,M07,177.3,7,South,177.2,7/1/03,0.88,0.879435665914
CUUR0400SA0,2003,M07,188.4,7,West,188.1,7/1/03,0.88,0.878405103668
CUUR0100SA0,2003,M08,194.3,8,Northeast,193.5,8/1/03,0.93,0.925865633075
CUUR0200SA0,2003,M08,178.8,8,Midwest,178.1,8/1/03,0.93,0.926069623807
CUUR0300SA0,2003,M08,177.9,8,South,177.3,8/1/03,0.93,0.926615905245
CUUR0400SA0,2003,M08,189.2,8,West,188.4,8/1/03,0.93,0.925753715499
CUUR0100SA0,2003,M09,195.0,9,Northeast,194.3,9/1/03,0.89,0.886397323726
CUUR0200SA0,2003,M09,179.5,9,Midwest,178.8,9/1/03,0.89,0.886085011186
CUUR0300SA0,2003,M09,178.3,9,South,177.9,9/1/03,0.89,0.887751545812
CUUR0400SA0,2003,M09,189.6,9,West,189.2,9/1/03,0.89,0.887885835095
CUUR0100SA0,2003,M10,195.4,10,Northeast,195.0,10/1/03,0.89,0.887948717949
CUUR0200SA0,2003,M10,179.1,10,Midwest,179.5,10/1/03,0.89,0.892228412256
CUUR0300SA0,2003,M10,178.1,10,South,178.3,10/1/03,0.89,0.891121704992
CUUR0400SA0,2003,M10,189.4,10,West,189.6,10/1/03,0.89,0.891054852321
CUUR0100SA0,2003,M11,195.1,11,Northeast,195.4,11/1/03,0.92,0.92153531218
CUUR0200SA0,2003,M11,178.9,11,Midwest,179.1,11/1/03,0.92,0.921116694584
CUUR0300SA0,2003,M11,177.5,11,South,178.1,11/1/03,0.92,0.92336889388
CUUR0400SA0,2003,M11,188.5,11,West,189.4,11/1/03,0.92,0.924751847941
CUUR0100SA0,2003,M12,194.9,12,Northeast,195.1,12/1/03,0.87,0.871025115325
CUUR0200SA0,2003,M12,178.4,12,Midwest,178.9,12/1/03,0.87,0.872794857462
CUUR0300SA0,2003,M12,177.5,12,South,177.5,12/1/03,0.87,0.87
CUUR0400SA0,2003,M12,188.3,12,West,188.5,12/1/03,0.87,0.871061007958
CUUR0100SA0,2004,M01,195.9,1,Northeast,194.9,1/1/04,0.83,0.824869163674
CUUR0200SA0,2004,M01,179.4,1,Midwest,178.4,1/1/04,0.83,0.824394618834
CUUR0300SA0,2004,M01,178.2,1,South,177.5,1/1/04,0.83,0.826056338028
CUUR0400SA0,2004,M01,189.4,1,West,188.3,1/1/04,0.83,0.824158258099
CUUR0100SA0,2004,M02,196.8,2,Northeast,195.9,2/1/04,0.9,0.895405819296
CUUR0200SA0,2004,M02,180.2,2,Midwest,179.4,2/1/04,0.9,0.895540691193
CUUR0300SA0,2004,M02,179.1,2,South,178.2,2/1/04,0.9,0.894949494949
CUUR0400SA0,2004,M02,190.8,2,West,189.4,2/1/04,0.9,0.892608236536
CUUR0100SA0,2004,M03,198.6,3,Northeast,196.8,3/1/04,0.95,0.940853658537
CUUR0200SA0,2004,M03,181.0,3,Midwest,180.2,3/1/04,0.95,0.945560488346
CUUR0300SA0,2004,M03,180.1,3,South,179.1,3/1/04,0.95,0.94441652708
CUUR0400SA0,2004,M03,192.2,3,West,190.8,3/1/04,0.95,0.942662473795
CUUR0100SA0,2004,M04,199.4,4,Northeast,198.6,4/1/04,0.89,0.885971802618
CUUR0200SA0,2004,M04,181.5,4,Midwest,181.0,4/1/04,0.89,0.887237569061
CUUR0300SA0,2004,M04,180.9,4,South,180.1,4/1/04,0.89,0.88555802332
CUUR0400SA0,2004,M04,192.3,4,West,192.2,4/1/04,0.89,0.889479708637
CUUR0100SA0,2004,M05,199.9,5,Northeast,199.4,5/1/04,0.89,0.887492477432
CUUR0200SA0,2004,M05,182.9,5,Midwest,181.5,5/1/04,0.89,0.882286501377
CUUR0300SA0,2004,M05,182.0,5,South,180.9,5/1/04,0.89,0.883919292427
CUUR0400SA0,2004,M05,193.4,5,West,192.3,5/1/04,0.89,0.884279771191
CUUR0100SA0,2004,M06,201.1,6,Northeast,199.9,6/1/04,1.02,1.0139969985
CUUR0200SA0,2004,M06,183.3,6,Midwest,182.9,6/1/04,1.02,1.01781301258
CUUR0300SA0,2004,M06,182.9,6,South,182.0,6/1/04,1.02,1.01505494505
CUUR0400SA0,2004,M06,193.3,6,West,193.4,6/1/04,1.02,1.02051706308
CUUR0100SA0,2004,M07,201.0,7,Northeast,201.1,7/1/04,1.16,1.16049726504
CUUR0200SA0,2004,M07,183.2,7,Midwest,183.3,7/1/04,1.16,1.16054555374
CUUR0300SA0,2004,M07,182.6,7,South,182.9,7/1/04,1.16,1.16164024057
CUUR0400SA0,2004,M07,192.9,7,West,193.3,7/1/04,1.16,1.1620693223
CUUR0100SA0,2004,M08,201.0,8,Northeast,201.0,8/1/04,1.35,1.35
CUUR0200SA0,2004,M08,183.3,8,Midwest,183.2,8/1/04,1.35,1.34945414847
CUUR0300SA0,2004,M08,182.6,8,South,182.6,8/1/04,1.35,1.35
CUUR0400SA0,2004,M08,193.0,8,West,192.9,8/1/04,1.35,1.34948159668
CUUR0100SA0,2004,M09,201.2,9,Northeast,201.0,9/1/04,1.52,1.51900497512
CUUR0200SA0,2004,M09,183.6,9,Midwest,183.3,9/1/04,1.52,1.51836333879
CUUR0300SA0,2004,M09,182.8,9,South,182.6,9/1/04,1.52,1.51890470975
CUUR0400SA0,2004,M09,193.8,9,West,193.0,9/1/04,1.52,1.51585492228
CUUR0100SA0,2004,M10,202.5,10,Northeast,201.2,10/1/04,1.6,1.5935387674
CUUR0200SA0,2004,M10,184.5,10,Midwest,183.6,10/1/04,1.6,1.59509803922
CUUR0300SA0,2004,M10,183.7,10,South,182.8,10/1/04,1.6,1.59507658643
CUUR0400SA0,2004,M10,195.0,10,West,193.8,10/1/04,1.6,1.59380804954
CUUR0100SA0,2004,M11,202.6,11,Northeast,202.5,11/1/04,1.88,1.87950617284
CUUR0200SA0,2004,M11,184.8,11,Midwest,184.5,11/1/04,1.88,1.87837398374
CUUR0300SA0,2004,M11,183.7,11,South,183.7,11/1/04,1.88,1.88
CUUR0400SA0,2004,M11,195.1,11,West,195.0,11/1/04,1.88,1.87948717949
CUUR0100SA0,2004,M12,201.9,12,Northeast,202.6,12/1/04,1.92,1.92345508391
CUUR0200SA0,2004,M12,183.8,12,Midwest,184.8,12/1/04,1.92,1.92541125541
CUUR0300SA0,2004,M12,183.3,12,South,183.7,12/1/04,1.92,1.92217746326
CUUR0400SA0,2004,M12,194.2,12,West,195.1,12/1/04,1.92,1.92461301896
CUUR0100SA0,2005,M01,202.6,1,Northeast,201.9,1/1/05,1.99,1.9865329371
CUUR0200SA0,2005,M01,184.1,1,Midwest,183.8,1/1/05,1.99,1.98836779108
CUUR0300SA0,2005,M01,183.6,1,South,183.3,1/1/05,1.99,1.98836333879
CUUR0400SA0,2005,M01,194.5,1,West,194.2,1/1/05,1.99,1.98845520082
CUUR0100SA0,2005,M02,203.6,2,Northeast,202.6,2/1/05,2.32,2.31506416584
CUUR0200SA0,2005,M02,185.2,2,Midwest,184.1,2/1/05,2.32,2.31402498642
CUUR0300SA0,2005,M02,184.7,2,South,183.6,2/1/05,2.32,2.3140087146
CUUR0400SA0,2005,M02,195.7,2,West,194.5,2/1/05,2.32,2.31383033419
CUUR0100SA0,2005,M03,206.0,3,Northeast,203.6,3/1/05,2.6,2.58821218075
CUUR0200SA0,2005,M03,186.3,3,Midwest,185.2,3/1/05,2.6,2.59406047516
CUUR0300SA0,2005,M03,185.9,3,South,184.7,3/1/05,2.6,2.5935029778
CUUR0400SA0,2005,M03,197.1,3,West,195.7,3/1/05,2.6,2.59284619315
CUUR0100SA0,2005,M04,206.9,4,Northeast,206.0,4/1/05,2.59,2.58563106796
CUUR0200SA0,2005,M04,187.7,4,Midwest,186.3,4/1/05,2.59,2.58248523886
CUUR0300SA0,2005,M04,187.3,4,South,185.9,4/1/05,2.59,2.58246906939
CUUR0400SA0,2005,M04,198.6,4,West,197.1,4/1/05,2.59,2.58238964992
CUUR0100SA0,2005,M05,206.2,5,Northeast,206.9,5/1/05,2.59,2.59338327695
CUUR0200SA0,2005,M05,187.4,5,Midwest,187.7,5/1/05,2.59,2.59159829515
CUUR0300SA0,2005,M05,187.3,5,South,187.3,5/1/05,2.59,2.59
CUUR0400SA0,2005,M05,198.8,5,West,198.6,5/1/05,2.59,2.58899295065
CUUR0100SA0,2005,M06,206.2,6,Northeast,206.2,6/1/05,2.78,2.78
CUUR0200SA0,2005,M06,187.8,6,Midwest,187.4,6/1/05,2.78,2.77786552828
CUUR0300SA0,2005,M06,187.8,6,South,187.3,6/1/05,2.78,2.77733048585
CUUR0400SA0,2005,M06,198.0,6,West,198.8,6/1/05,2.78,2.78402414487
CUUR0100SA0,2005,M07,207.9,7,Northeast,206.2,7/1/05,3.04,3.03175557711
CUUR0200SA0,2005,M07,188.4,7,Midwest,187.8,7/1/05,3.04,3.03680511182
CUUR0300SA0,2005,M07,188.5,7,South,187.8,7/1/05,3.04,3.03627263046
CUUR0400SA0,2005,M07,198.6,7,West,198.0,7/1/05,3.04,3.03696969697
CUUR0100SA0,2005,M08,208.7,8,Northeast,207.9,8/1/05,3.28,3.27615199615
CUUR0200SA0,2005,M08,189.7,8,Midwest,188.4,8/1/05,3.28,3.27309978769
CUUR0300SA0,2005,M08,189.4,8,South,188.5,8/1/05,3.28,3.27522546419
CUUR0400SA0,2005,M08,199.6,8,West,198.6,8/1/05,3.28,3.27496475327
CUUR0100SA0,2005,M09,210.8,9,Northeast,208.7,9/1/05,3.16,3.14993770963
CUUR0200SA0,2005,M09,192.5,9,Midwest,189.7,9/1/05,3.16,3.1452398524
CUUR0300SA0,2005,M09,192.0,9,South,189.4,9/1/05,3.16,3.14627243928
CUUR0400SA0,2005,M09,201.7,9,West,199.6,9/1/05,3.16,3.14947895792
CUUR0100SA0,2005,M10,211.5,10,Northeast,210.8,10/1/05,3.44,3.43667931689
CUUR0200SA0,2005,M10,192.1,10,Midwest,192.5,10/1/05,3.44,3.44207792208
CUUR0300SA0,2005,M10,192.5,10,South,192.0,10/1/05,3.44,3.43739583333
CUUR0400SA0,2005,M10,202.6,10,West,201.7,10/1/05,3.44,3.43553792762
CUUR0100SA0,2005,M11,210.0,11,Northeast,211.5,11/1/05,3.84,3.84709219858
CUUR0200SA0,2005,M11,190.3,11,Midwest,192.1,11/1/05,3.84,3.84937011973
CUUR0300SA0,2005,M11,190.7,11,South,192.5,11/1/05,3.84,3.84935064935
CUUR0400SA0,2005,M11,201.4,11,West,202.6,11/1/05,3.84,3.84592300099
CUUR0100SA0,2005,M12,209.0,12,Northeast,210.0,12/1/05,3.61,3.61476190476
CUUR0200SA0,2005,M12,189.7,12,Midwest,190.3,12/1/05,3.61,3.61315291645
CUUR0300SA0,2005,M12,190.1,12,South,190.7,12/1/05,3.61,3.61314630309
CUUR0400SA0,2005,M12,200.0,12,West,201.4,12/1/05,3.61,3.61695134062
CUUR0100SA0,2006,M01,211.0,1,Northeast,209.0,1/1/06,4.03,4.02043062201
CUUR0200SA0,2006,M01,190.8,1,Midwest,189.7,1/1/06,4.03,4.02420137059
CUUR0300SA0,2006,M01,191.5,1,South,190.1,1/1/06,4.03,4.02263545502
CUUR0400SA0,2006,M01,201.7,1,West,200.0,1/1/06,4.03,4.0215
CUUR0100SA0,2006,M02,211.6,2,Northeast,211.0,2/1/06,4.31,4.3071563981
CUUR0200SA0,2006,M02,190.7,2,Midwest,190.8,2/1/06,4.31,4.31052410901
CUUR0300SA0,2006,M02,191.8,2,South,191.5,2/1/06,4.31,4.30843342037
CUUR0400SA0,2006,M02,202.7,2,West,201.7,2/1/06,4.31,4.30504214179
CUUR0100SA0,2006,M03,212.8,3,Northeast,211.6,3/1/06,4.47,4.4643289225
CUUR0200SA0,2006,M03,192.0,3,Midwest,190.7,3/1/06,4.47,4.46318300996
CUUR0300SA0,2006,M03,192.8,3,South,191.8,3/1/06,4.47,4.46478623566
CUUR0400SA0,2006,M03,203.8,3,West,202.7,3/1/06,4.47,4.46457326098
CUUR0100SA0,2006,M04,214.7,4,Northeast,212.8,4/1/06,4.52,4.51107142857
CUUR0200SA0,2006,M04,193.0,4,Midwest,192.0,4/1/06,4.52,4.51479166667
CUUR0300SA0,2006,M04,194.7,4,South,192.8,4/1/06,4.52,4.51014522822
CUUR0400SA0,2006,M04,205.3,4,West,203.8,4/1/06,4.52,4.51263984298
CUUR0100SA0,2006,M05,215.7,5,Northeast,214.7,5/1/06,4.61,4.60534233815
CUUR0200SA0,2006,M05,193.6,5,Midwest,193.0,5/1/06,4.61,4.60689119171
CUUR0300SA0,2006,M05,195.5,5,South,194.7,5/1/06,4.61,4.60589111454
CUUR0400SA0,2006,M05,206.9,5,West,205.3,5/1/06,4.61,4.60220652703
CUUR0100SA0,2006,M06,216.7,6,Northeast,215.7,6/1/06,4.62,4.61536393139
CUUR0200SA0,2006,M06,194.1,6,Midwest,193.6,6/1/06,4.62,4.61741735537
CUUR0300SA0,2006,M06,196.3,6,South,195.5,6/1/06,4.62,4.61590792839
CUUR0400SA0,2006,M06,206.4,6,West,206.9,6/1/06,4.62,4.62241662639
CUUR0100SA0,2006,M07,217.5,7,Northeast,216.7,7/1/06,4.8,4.79630826027
CUUR0200SA0,2006,M07,194.6,7,Midwest,194.1,7/1/06,4.8,4.79742400824
CUUR0300SA0,2006,M07,197.0,7,South,196.3,7/1/06,4.8,4.79643402955
CUUR0400SA0,2006,M07,206.7,7,West,206.4,7/1/06,4.8,4.79854651163
CUUR0100SA0,2006,M08,218.1,8,Northeast,217.5,8/1/06,5.08,5.07724137931
CUUR0200SA0,2006,M08,195.1,8,Midwest,194.6,8/1/06,5.08,5.07743062693
CUUR0300SA0,2006,M08,197.1,8,South,197.0,8/1/06,5.08,5.07949238579
CUUR0400SA0,2006,M08,207.5,8,West,206.7,8/1/06,5.08,5.07612965651
CUUR0100SA0,2006,M09,216.3,9,Northeast,218.1,9/1/06,4.68,4.68825309491
CUUR0200SA0,2006,M09,193.7,9,Midwest,195.1,9/1/06,4.68,4.68717580728
CUUR0300SA0,2006,M09,195.8,9,South,197.1,9/1/06,4.68,4.68659563673
CUUR0400SA0,2006,M09,207.8,9,West,207.5,9/1/06,4.68,4.67855421687
CUUR0100SA0,2006,M10,215.2,10,Northeast,216.3,10/1/06,4.88,4.88508552936
CUUR0200SA0,2006,M10,192.3,10,Midwest,193.7,10/1/06,4.88,4.88722767166
CUUR0300SA0,2006,M10,194.7,10,South,195.8,10/1/06,4.88,4.88561797753
CUUR0400SA0,2006,M10,207.1,10,West,207.8,10/1/06,4.88,4.88336862368
CUUR0100SA0,2006,M11,214.8,11,Northeast,215.2,11/1/06,5.13,5.13185873606
CUUR0200SA0,2006,M11,192.8,11,Midwest,192.3,11/1/06,5.13,5.127399896
CUUR0300SA0,2006,M11,194.3,11,South,194.7,11/1/06,5.13,5.13205444273
CUUR0400SA0,2006,M11,206.3,11,West,207.1,11/1/06,5.13,5.13386286818
CUUR0100SA0,2006,M12,215.2,12,Northeast,214.8,12/1/06,4.78,4.77813780261
CUUR0200SA0,2006,M12,192.9,12,Midwest,192.8,12/1/06,4.78,4.7794813278
CUUR0300SA0,2006,M12,194.8,12,South,194.3,12/1/06,4.78,4.7774266598
CUUR0400SA0,2006,M12,206.2,12,West,206.3,12/1/06,4.78,4.78048473097
CUUR0100SA0,2007,M01,215.813,1,Northeast,215.2,1/1/07,4.84,4.83715148699
CUUR0200SA0,2007,M01,193.068,1,Midwest,192.9,1/1/07,4.84,4.83912908243
CUUR0300SA0,2007,M01,195.021,1,South,194.8,1/1/07,4.84,4.83886550308
CUUR0400SA0,2007,M01,207.79,1,West,206.2,1/1/07,4.84,4.83228903977
CUUR0100SA0,2007,M02,216.651,2,Northeast,215.813,2/1/07,5.09,5.08611700871
CUUR0200SA0,2007,M02,194.458,2,Midwest,193.068,2/1/07,5.09,5.08280046409
CUUR0300SA0,2007,M02,195.95,2,South,195.021,2/1/07,5.09,5.08523641044
CUUR0400SA0,2007,M02,208.995,2,West,207.79,2/1/07,5.09,5.08420087588
CUUR0100SA0,2007,M03,218.334,3,Northeast,216.651,3/1/07,5.11,5.10223174599
CUUR0200SA0,2007,M03,196.389,3,Midwest,194.458,3/1/07,5.11,5.10006983513
CUUR0300SA0,2007,M03,197.904,3,South,195.95,3/1/07,5.11,5.10002806838
CUUR0400SA0,2007,M03,210.778,3,West,208.995,3/1/07,5.11,5.10146869542
CUUR0100SA0,2007,M04,219.501,4,Northeast,218.334,4/1/07,4.89,4.88465497815
CUUR0200SA0,2007,M04,197.405,4,Midwest,196.389,4/1/07,4.89,4.88482659416
CUUR0300SA0,2007,M04,199.618,4,South,197.904,4/1/07,4.89,4.88133923518
CUUR0400SA0,2007,M04,212.036,4,West,210.778,4/1/07,4.89,4.88403163518
CUUR0100SA0,2007,M05,220.591,5,Northeast,219.501,5/1/07,4.72,4.71503419119
CUUR0200SA0,2007,M05,199.194,5,Midwest,197.405,5/1/07,4.72,4.71093741293
CUUR0300SA0,2007,M05,200.804,5,South,199.618,5/1/07,4.72,4.71405865203
CUUR0400SA0,2007,M05,213.063,5,West,212.036,5/1/07,4.72,4.71515648286
CUUR0100SA0,2007,M06,221.579,6,Northeast,220.591,6/1/07,4.42,4.4155211228
CUUR0200SA0,2007,M06,199.263,6,Midwest,199.194,6/1/07,4.42,4.41965360402
CUUR0300SA0,2007,M06,201.675,6,South,200.804,6/1/07,4.42,4.415662437
CUUR0400SA0,2007,M06,212.68,6,West,213.063,6/1/07,4.42,4.42179759038
CUUR0100SA0,2007,M07,221.945,7,Northeast,221.579,7/1/07,4.71,4.70834821892
CUUR0200SA0,2007,M07,198.989,7,Midwest,199.263,7/1/07,4.71,4.71137506712
CUUR0300SA0,2007,M07,201.571,7,South,201.675,7/1/07,4.71,4.71051568117
CUUR0400SA0,2007,M07,212.542,7,West,212.68,7/1/07,4.71,4.71064886214
CUUR0100SA0,2007,M08,221.559,8,Northeast,221.945,8/1/07,4.11,4.11173916961
CUUR0200SA0,2007,M08,198.551,8,Midwest,198.989,8/1/07,4.11,4.1122011267
CUUR0300SA0,2007,M08,201.041,8,South,201.571,8/1/07,4.11,4.11262934648
CUUR0400SA0,2007,M08,212.406,8,West,212.542,8/1/07,4.11,4.11063987353
CUUR0100SA0,2007,M09,221.436,9,Northeast,221.559,9/1/07,3.7,3.70055515687
CUUR0200SA0,2007,M09,199.714,9,Midwest,198.551,9/1/07,3.7,3.69414256287
CUUR0300SA0,2007,M09,201.697,9,South,201.041,9/1/07,3.7,3.696736984
CUUR0400SA0,2007,M09,212.92,9,West,212.406,9/1/07,3.7,3.69758010602
CUUR0100SA0,2007,M10,221.951,10,Northeast,221.436,10/1/07,3.72,3.71767427157
CUUR0200SA0,2007,M10,199.455,10,Midwest,199.714,10/1/07,3.72,3.7212968545
CUUR0300SA0,2007,M10,202.155,10,South,201.697,10/1/07,3.72,3.71772926717
CUUR0400SA0,2007,M10,213.917,10,West,212.92,10/1/07,3.72,3.71531749014
CUUR0100SA0,2007,M11,223.356,11,Northeast,221.951,11/1/07,3.63,3.62366977396
CUUR0200SA0,2007,M11,200.762,11,Midwest,199.455,11/1/07,3.63,3.62344714347
CUUR0300SA0,2007,M11,203.437,11,South,202.155,11/1/07,3.63,3.62365833148
CUUR0400SA0,2007,M11,214.904,11,West,213.917,11/1/07,3.63,3.62538606095
CUUR0100SA0,2007,M12,223.425,12,Northeast,223.356,12/1/07,2.79,2.78969107613
CUUR0200SA0,2007,M12,200.227,12,Midwest,200.762,12/1/07,2.79,2.79266484693
CUUR0300SA0,2007,M12,203.457,12,South,203.437,12/1/07,2.79,2.78990168947
CUUR0400SA0,2007,M12,214.733,12,West,214.904,12/1/07,2.79,2.79079570413
CUUR0100SA0,2008,M01,224.325,1,Northeast,223.425,1/1/08,2.68,2.67597180262
CUUR0200SA0,2008,M01,201.427,1,Midwest,200.227,1/1/08,2.68,2.67400680228
CUUR0300SA0,2008,M01,204.51,1,South,203.457,1/1/08,2.68,2.67482445922
CUUR0400SA0,2008,M01,215.739,1,West,214.733,1/1/08,2.68,2.67531511226
CUUR0100SA0,2008,M02,225.213,2,Northeast,224.325,2/1/08,2.23,2.22604145771
CUUR0200SA0,2008,M02,201.896,2,Midwest,201.427,2/1/08,2.23,2.22767161304
CUUR0300SA0,2008,M02,205.06,2,South,204.51,2/1/08,2.23,2.22731064496
CUUR0400SA0,2008,M02,216.339,2,West,215.739,2/1/08,2.23,2.22721886168
CUUR0100SA0,2008,M03,226.926,3,Northeast,225.213,3/1/08,1.34,1.33239386714
CUUR0200SA0,2008,M03,203.723,3,Midwest,201.896,3/1/08,1.34,1.33095078654
CUUR0300SA0,2008,M03,206.676,3,South,205.06,3/1/08,1.34,1.33211937969
CUUR0400SA0,2008,M03,218.533,3,West,216.339,3/1/08,1.34,1.3298585091
CUUR0100SA0,2008,M04,228.133,4,Northeast,226.926,4/1/08,1.04,1.03468108546
CUUR0200SA0,2008,M04,205.393,4,Midwest,203.723,4/1/08,1.04,1.0318025947
CUUR0300SA0,2008,M04,208.085,4,South,206.676,4/1/08,1.04,1.03318256595
CUUR0400SA0,2008,M04,219.437,4,West,218.533,4/1/08,1.04,1.03586332499
CUUR0100SA0,2008,M05,230.089,5,Northeast,228.133,5/1/08,1.73,1.7214260541
CUUR0200SA0,2008,M05,207.168,5,Midwest,205.393,5/1/08,1.73,1.7213580307
CUUR0300SA0,2008,M05,210.006,5,South,208.085,5/1/08,1.73,1.72076819569
CUUR0400SA0,2008,M05,221.009,5,West,219.437,5/1/08,1.73,1.72283621267
CUUR0100SA0,2008,M06,232.649,6,Northeast,230.089,6/1/08,1.69,1.67887387055
CUUR0200SA0,2008,M06,208.968,6,Midwest,207.168,6/1/08,1.69,1.68131139944
CUUR0300SA0,2008,M06,212.324,6,South,210.006,6/1/08,1.69,1.67896222013
CUUR0400SA0,2008,M06,223.04,6,West,221.009,6/1/08,1.69,1.68081032899
CUUR0100SA0,2008,M07,234.545,7,Northeast,232.649,7/1/08,1.58,1.57185038405
CUUR0200SA0,2008,M07,210.071,7,Midwest,208.968,7/1/08,1.58,1.57472167987
CUUR0300SA0,2008,M07,213.304,7,South,212.324,7/1/08,1.58,1.5753844125
CUUR0400SA0,2008,M07,223.867,7,West,223.04,7/1/08,1.58,1.57629214491
CUUR0100SA0,2008,M08,233.788,8,Northeast,234.545,8/1/08,1.65,1.65322752563
CUUR0200SA0,2008,M08,209.351,8,Midwest,210.071,8/1/08,1.65,1.65342741264
CUUR0300SA0,2008,M08,212.387,8,South,213.304,8/1/08,1.65,1.65429902862
CUUR0400SA0,2008,M08,222.823,8,West,223.867,8/1/08,1.65,1.65466348323
CUUR0100SA0,2008,M09,232.841,9,Northeast,233.788,9/1/08,0.86,0.864050678392
CUUR0200SA0,2008,M09,209.252,9,Midwest,209.351,9/1/08,0.86,0.860472890027
CUUR0300SA0,2008,M09,212.65,9,South,212.387,9/1/08,0.86,0.858761694454
CUUR0400SA0,2008,M09,222.132,9,West,222.823,9/1/08,0.86,0.863101116133
CUUR0100SA0,2008,M10,230.837,10,Northeast,232.841,10/1/08,0.26,0.268606731632
CUUR0200SA0,2008,M10,206.019,10,Midwest,209.252,10/1/08,0.26,0.275450270487
CUUR0300SA0,2008,M10,210.108,10,South,212.65,10/1/08,0.26,0.271953914884
CUUR0400SA0,2008,M10,221.034,10,West,222.132,10/1/08,0.26,0.264943006861
CUUR0100SA0,2008,M11,227.236,11,Northeast,230.837,11/1/08,0.09,0.105599752206
CUUR0200SA0,2008,M11,201.737,11,Midwest,206.019,11/1/08,0.09,0.110784490751
CUUR0300SA0,2008,M11,205.559,11,South,210.108,11/1/08,0.09,0.11165077008
CUUR0400SA0,2008,M11,217.113,11,West,221.034,11/1/08,0.09,0.107739352317
CUUR0100SA0,2008,M12,225.091,12,Northeast,227.236,12/1/08,0.03,0.0394395254273
CUUR0200SA0,2008,M12,199.582,12,Midwest,201.737,12/1/08,0.03,0.0406822248769
CUUR0300SA0,2008,M12,203.501,12,South,205.559,12/1/08,0.03,0.0400117241279
CUUR0400SA0,2008,M12,214.685,12,West,217.113,12/1/08,0.03,0.0411831166259
CUUR0100SA0,2009,M01,225.436,1,Northeast,225.091,1/1/09,0.05,0.0484672865641
CUUR0200SA0,2009,M01,200.815,1,Midwest,199.582,1/1/09,0.05,0.0438220881643
CUUR0300SA0,2009,M01,204.288,1,South,203.501,1/1/09,0.05,0.0461326971366
CUUR0400SA0,2009,M01,215.923,1,West,214.685,1/1/09,0.05,0.0442334117428
CUUR0100SA0,2009,M02,226.754,2,Northeast,225.436,2/1/09,0.22,0.214153551341
CUUR0200SA0,2009,M02,201.453,2,Midwest,200.815,2/1/09,0.22,0.216822946493
CUUR0300SA0,2009,M02,205.343,2,South,204.288,2/1/09,0.22,0.214835722118
CUUR0400SA0,2009,M02,217.095,2,West,215.923,2/1/09,0.22,0.214572139142
CUUR0100SA0,2009,M03,227.309,3,Northeast,226.754,3/1/09,0.1,0.0975524136289
CUUR0200SA0,2009,M03,202.021,3,Midwest,201.453,3/1/09,0.1,0.0971804837853
CUUR0300SA0,2009,M03,206.001,3,South,205.343,3/1/09,0.1,0.0967956054017
CUUR0400SA0,2009,M03,217.357,3,West,217.095,3/1/09,0.1,0.0987931550704
CUUR0100SA0,2009,M04,227.84,4,Northeast,227.309,4/1/09,0.09,0.0876639728299
CUUR0200SA0,2009,M04,202.327,4,Midwest,202.021,4/1/09,0.09,0.088485305983
CUUR0300SA0,2009,M04,206.657,4,South,206.001,4/1/09,0.09,0.0868155494391
CUUR0400SA0,2009,M04,217.91,4,West,217.357,4/1/09,0.09,0.087455798525
CUUR0100SA0,2009,M05,228.136,5,Northeast,227.84,5/1/09,0.14,0.138700842697
CUUR0200SA0,2009,M05,203.195,5,Midwest,202.327,5/1/09,0.14,0.135709915137
CUUR0300SA0,2009,M05,207.265,5,South,206.657,5/1/09,0.14,0.137057926903
CUUR0400SA0,2009,M05,218.567,5,West,217.91,5/1/09,0.14,0.136984993805
CUUR0100SA0,2009,M06,229.93,6,Northeast,228.136,6/1/09,0.1,0.0921362695936
CUUR0200SA0,2009,M06,205.35,6,Midwest,203.195,6/1/09,0.1,0.0893944240754
CUUR0300SA0,2009,M06,209.343,6,South,207.265,6/1/09,0.1,0.0899741876342
CUUR0400SA0,2009,M06,219.865,6,West,218.567,6/1/09,0.1,0.0940613175823
CUUR0100SA0,2009,M07,230.154,7,Northeast,229.93,7/1/09,0.15,0.149025790458
CUUR0200SA0,2009,M07,204.814,7,Midwest,205.35,7/1/09,0.15,0.152610177745
CUUR0300SA0,2009,M07,208.819,7,South,209.343,7/1/09,0.15,0.152503069126
CUUR0400SA0,2009,M07,219.484,7,West,219.865,7/1/09,0.15,0.151732881541
CUUR0100SA0,2009,M08,230.883,8,Northeast,230.154,8/1/09,0.12,0.116832555593
CUUR0200SA0,2009,M08,205.632,8,Midwest,204.814,8/1/09,0.12,0.116006132393
CUUR0300SA0,2009,M08,209.0,8,South,208.819,8/1/09,0.12,0.119133220636
CUUR0400SA0,2009,M08,219.884,8,West,219.484,8/1/09,0.12,0.118177543693
CUUR0100SA0,2009,M09,231.2,9,Northeast,230.883,9/1/09,0.06,0.0586270102173
CUUR0200SA0,2009,M09,205.601,9,Midwest,205.632,9/1/09,0.06,0.0601507547463
CUUR0300SA0,2009,M09,208.912,9,South,209.0,9/1/09,0.06,0.0604210526316
CUUR0400SA0,2009,M09,220.294,9,West,219.884,9/1/09,0.06,0.0581353804733
CUUR0100SA0,2009,M10,231.304,10,Northeast,231.2,10/1/09,0.04,0.0395501730104
CUUR0200SA0,2009,M10,205.706,10,Midwest,205.601,10/1/09,0.04,0.0394893020948
CUUR0300SA0,2009,M10,209.292,10,South,208.912,10/1/09,0.04,0.0381810523091
CUUR0400SA0,2009,M10,220.447,10,West,220.294,10/1/09,0.04,0.0393054735944
CUUR0100SA0,2009,M11,231.708,11,Northeast,231.304,11/1/09,0.05,0.0482533808322
CUUR0200SA0,2009,M11,206.247,11,Midwest,205.706,11/1/09,0.05,0.0473700329597
CUUR0300SA0,2009,M11,209.738,11,South,209.292,11/1/09,0.05,0.0478690059821
CUUR0400SA0,2009,M11,219.728,11,West,220.447,11/1/09,0.05,0.0532615549316
CUUR0100SA0,2009,M12,231.462,12,Northeast,231.708,12/1/09,0.03,0.0310616810814
CUUR0200SA0,2009,M12,205.613,12,Midwest,206.247,12/1/09,0.03,0.0330739841064
CUUR0300SA0,2009,M12,209.476,12,South,209.738,12/1/09,0.03,0.0312491775453
CUUR0400SA0,2009,M12,219.307,12,West,219.728,12/1/09,0.03,0.0319160052428
CUUR0100SA0,2010,M01,232.294,1,Northeast,231.462,1/1/10,0.02,0.0164054574833
CUUR0200SA0,2010,M01,206.564,1,Midwest,205.613,1/1/10,0.02,0.0153748060677
CUUR0300SA0,2010,M01,210.056,1,South,209.476,1/1/10,0.02,0.0172311863889
CUUR0400SA0,2010,M01,219.989,1,West,219.307,1/1/10,0.02,0.0168902041431
CUUR0100SA0,2010,M02,232.382,2,Northeast,232.294,2/1/10,0.06,0.0596211697246
CUUR0200SA0,2010,M02,206.563,2,Midwest,206.564,2/1/10,0.06,0.0600048411146
CUUR0300SA0,2010,M02,210.02,2,South,210.056,2/1/10,0.06,0.0601713828693
CUUR0400SA0,2010,M02,220.179,2,West,219.989,2/1/10,0.06,0.0591363204524
CUUR0100SA0,2010,M03,233.188,3,Northeast,232.382,3/1/10,0.11,0.106531573013
CUUR0200SA0,2010,M03,207.359,3,Midwest,206.563,3/1/10,0.11,0.106146454108
CUUR0300SA0,2010,M03,211.216,3,South,210.02,3/1/10,0.11,0.104305304257
CUUR0400SA0,2010,M03,220.809,3,West,220.179,3/1/10,0.11,0.107138691701
CUUR0100SA0,2010,M04,233.615,4,Northeast,233.188,4/1/10,0.15,0.148168859461
CUUR0200SA0,2010,M04,207.777,4,Midwest,207.359,4/1/10,0.15,0.147984172377
CUUR0300SA0,2010,M04,211.528,4,South,211.216,4/1/10,0.15,0.148522839179
CUUR0400SA0,2010,M04,221.202,4,West,220.809,4/1/10,0.15,0.148220181243
CUUR0100SA0,2010,M05,234.13,5,Northeast,233.615,5/1/10,0.15,0.147795518267
CUUR0200SA0,2010,M05,207.987,5,Midwest,207.777,5/1/10,0.15,0.148989301029
CUUR0300SA0,2010,M05,211.423,5,South,211.528,5/1/10,0.15,0.150496388185
CUUR0400SA0,2010,M05,221.417,5,West,221.202,5/1/10,0.15,0.149028037721
CUUR0100SA0,2010,M06,233.834,6,Northeast,234.13,6/1/10,0.08,0.0812642549011
CUUR0200SA0,2010,M06,207.886,6,Midwest,207.987,6/1/10,0.08,0.0804856072735
CUUR0300SA0,2010,M06,211.232,6,South,211.423,6/1/10,0.08,0.0809034021842
CUUR0400SA0,2010,M06,221.147,6,West,221.417,6/1/10,0.08,0.0812194185632
CUUR0100SA0,2010,M07,233.885,7,Northeast,233.834,7/1/10,0.16,0.159781896559
CUUR0200SA0,2010,M07,208.211,7,Midwest,207.886,7/1/10,0.16,0.15843664316
CUUR0300SA0,2010,M07,210.988,7,South,211.232,7/1/10,0.16,0.161155128011
CUUR0400SA0,2010,M07,221.331,7,West,221.147,7/1/10,0.16,0.159167974243
CUUR0100SA0,2010,M08,234.15,8,Northeast,233.885,8/1/10,0.15,0.148866964534
CUUR0200SA0,2010,M08,208.639,8,Midwest,208.211,8/1/10,0.15,0.147944392948
CUUR0300SA0,2010,M08,211.308,8,South,210.988,8/1/10,0.15,0.148483326066
CUUR0400SA0,2010,M08,221.523,8,West,221.331,8/1/10,0.15,0.149132520975
CUUR0100SA0,2010,M09,234.027,9,Northeast,234.15,9/1/10,0.12,0.120525304292
CUUR0200SA0,2010,M09,208.788,9,Midwest,208.639,9/1/10,0.12,0.119285847804
CUUR0300SA0,2010,M09,211.775,9,South,211.308,9/1/10,0.12,0.117789955894
CUUR0400SA0,2010,M09,221.384,9,West,221.523,9/1/10,0.12,0.120627474348
CUUR0100SA0,2010,M10,234.671,10,Northeast,234.027,10/1/10,0.14,0.137248180765
CUUR0200SA0,2010,M10,208.689,10,Midwest,208.788,10/1/10,0.14,0.140474165182
CUUR0300SA0,2010,M10,212.026,10,South,211.775,10/1/10,0.14,0.138814779837
CUUR0400SA0,2010,M10,221.708,10,West,221.384,10/1/10,0.14,0.138536479601
CUUR0100SA0,2010,M11,235.094,11,Northeast,234.671,11/1/10,0.13,0.128197476467
CUUR0200SA0,2010,M11,208.816,11,Midwest,208.689,11/1/10,0.13,0.129391438935
CUUR0300SA0,2010,M11,211.996,11,South,212.026,11/1/10,0.13,0.130141492081
CUUR0400SA0,2010,M11,221.671,11,West,221.708,11/1/10,0.13,0.130166886175
CUUR0100SA0,2010,M12,235.141,12,Northeast,235.094,12/1/10,0.08,0.079800079968
CUUR0200SA0,2010,M12,209.27,12,Midwest,208.816,12/1/10,0.08,0.0778258371006
CUUR0300SA0,2010,M12,212.488,12,South,211.996,12/1/10,0.08,0.0776792014944
CUUR0400SA0,2010,M12,222.081,12,West,221.671,12/1/10,0.08,0.0781504120972
CUUR0100SA0,2011,M01,235.969,1,Northeast,235.141,1/1/11,0.14,0.13647870852
CUUR0200SA0,2011,M01,210.388,1,Midwest,209.27,1/1/11,0.14,0.134657619343
CUUR0300SA0,2011,M01,213.589,1,South,212.488,1/1/11,0.14,0.134818530929
CUUR0400SA0,2011,M01,223.149,1,West,222.081,1/1/11,0.14,0.135190943845
CUUR0100SA0,2011,M02,237.11,2,Northeast,235.969,2/1/11,0.11,0.105164619081
CUUR0200SA0,2011,M02,211.09,2,Midwest,210.388,2/1/11,0.11,0.106663307793
CUUR0300SA0,2011,M02,214.735,2,South,213.589,2/1/11,0.11,0.10463455515
CUUR0400SA0,2011,M02,224.431,2,West,223.149,2/1/11,0.11,0.104254959691
CUUR0100SA0,2011,M03,239.074,3,Northeast,237.11,3/1/11,0.06,0.0517169246341
CUUR0200SA0,2011,M03,212.954,3,Midwest,211.09,3/1/11,0.06,0.0511696432801
CUUR0300SA0,2011,M03,217.214,3,South,214.735,3/1/11,0.06,0.0484555382215
CUUR0400SA0,2011,M03,226.558,3,West,224.431,3/1/11,0.06,0.0505226996271
CUUR0100SA0,2011,M04,240.267,4,Northeast,239.074,4/1/11,0.03,0.0250099132486
CUUR0200SA0,2011,M04,214.535,4,Midwest,212.954,4/1/11,0.03,0.0225758614536
CUUR0300SA0,2011,M04,218.82,4,South,217.214,4/1/11,0.03,0.0226063697552
CUUR0400SA0,2011,M04,227.837,4,West,226.558,4/1/11,0.03,0.0243546464923
CUUR0100SA0,2011,M05,241.566,5,Northeast,240.267,5/1/11,0.02,0.0145935147149
CUUR0200SA0,2011,M05,215.899,5,Midwest,214.535,5/1/11,0.02,0.0136420630666
CUUR0300SA0,2011,M05,219.82,5,South,218.82,5/1/11,0.02,0.0154300338177
CUUR0400SA0,2011,M05,228.516,5,West,227.837,5/1/11,0.02,0.0170197992424
CUUR0100SA0,2011,M06,241.69,6,Northeast,241.566,6/1/11,0.02,0.0194866827285
CUUR0200SA0,2011,M06,215.954,6,Midwest,215.899,6/1/11,0.02,0.0197452512517
CUUR0300SA0,2011,M06,219.318,6,South,219.82,6/1/11,0.02,0.0222836866527
CUUR0400SA0,2011,M06,228.075,6,West,228.516,6/1/11,0.02,0.0219298429869
CUUR0100SA0,2011,M07,242.282,7,Northeast,241.69,7/1/11,0.04,0.0375505813232
CUUR0200SA0,2011,M07,216.099,7,Midwest,215.954,7/1/11,0.04,0.039328560712
CUUR0300SA0,2011,M07,219.682,7,South,219.318,7/1/11,0.04,0.0383403095049
CUUR0400SA0,2011,M07,227.805,7,West,228.075,7/1/11,0.04,0.0411838211115
CUUR0100SA0,2011,M08,243.033,8,Northeast,242.282,8/1/11,0.02,0.0169003062547
CUUR0200SA0,2011,M08,216.586,8,Midwest,216.099,8/1/11,0.02,0.0177464032689
CUUR0300SA0,2011,M08,220.471,8,South,219.682,8/1/11,0.02,0.016408444934
CUUR0400SA0,2011,M08,228.222,8,West,227.805,8/1/11,0.02,0.0181694870613
CUUR0100SA0,2011,M09,243.323,9,Northeast,243.033,9/1/11,0.0,-0.00119325359108
CUUR0200SA0,2011,M09,216.968,9,Midwest,216.586,9/1/11,0.0,-0.00176373357465
CUUR0300SA0,2011,M09,220.371,9,South,220.471,9/1/11,0.0,0.000453574393004
CUUR0400SA0,2011,M09,229.147,9,West,228.222,9/1/11,0.0,-0.00405307113249
CUUR0100SA0,2011,M10,243.014,10,Northeast,243.323,10/1/11,0.01,0.0112699169417
CUUR0200SA0,2011,M10,215.653,10,Midwest,216.968,10/1/11,0.01,0.0160608015929
CUUR0300SA0,2011,M10,219.969,10,South,220.371,10/1/11,0.01,0.0118241964687
CUUR0400SA0,2011,M10,229.195,10,West,229.147,10/1/11,0.01,0.00979052747799
CUUR0100SA0,2011,M11,242.652,11,Northeast,243.014,11/1/11,0.01,0.0114896261121
CUUR0200SA0,2011,M11,215.614,11,Midwest,215.653,11/1/11,0.01,0.0101808460814
CUUR0300SA0,2011,M11,219.961,11,South,219.969,11/1/11,0.01,0.0100363687611
CUUR0400SA0,2011,M11,228.771,11,West,229.195,11/1/11,0.01,0.0118499530967
CUUR0100SA0,2011,M12,241.987,12,Northeast,242.652,12/1/11,0.0,0.00274055025304
CUUR0200SA0,2011,M12,215.173,12,Midwest,215.614,12/1/11,0.0,0.00204532173236
CUUR0300SA0,2011,M12,219.469,12,South,219.961,12/1/11,0.0,0.00223676015294
CUUR0400SA0,2011,M12,228.117,12,West,228.771,12/1/11,0.0,0.00285875395046
CUUR0100SA0,2012,M01,242.879,1,Northeast,241.987,1/1/12,0.02,0.0163138515705
CUUR0200SA0,2012,M01,216.368,1,Midwest,215.173,1/1/12,0.02,0.0144463292328
CUUR0300SA0,2012,M01,220.497,1,South,219.469,1/1/12,0.02,0.0153159671753
CUUR0400SA0,2012,M01,228.98,1,West,228.117,1/1/12,0.02,0.0162168536321
CUUR0100SA0,2012,M02,243.85,2,Northeast,242.879,2/1/12,0.06,0.0560021245147
CUUR0200SA0,2012,M02,216.855,2,Midwest,216.368,2/1/12,0.06,0.057749205058
CUUR0300SA0,2012,M02,221.802,2,South,220.497,2/1/12,0.06,0.05408155213
CUUR0400SA0,2012,M02,229.995,2,West,228.98,2/1/12,0.06,0.055567298454
CUUR0100SA0,2012,M03,245.125,3,Northeast,243.85,3/1/12,0.06,0.0547713758458
CUUR0200SA0,2012,M03,218.975,3,Midwest,216.855,3/1/12,0.06,0.0502238823177
CUUR0300SA0,2012,M03,223.314,3,South,221.802,3/1/12,0.06,0.0531831092596
CUUR0400SA0,2012,M03,232.039,3,West,229.995,3/1/12,0.06,0.0511128502794
CUUR0100SA0,2012,M04,245.85,4,Northeast,245.125,4/1/12,0.07,0.0670423253442
CUUR0200SA0,2012,M04,219.405,4,Midwest,218.975,4/1/12,0.07,0.0680363055143
CUUR0300SA0,2012,M04,224.275,4,South,223.314,4/1/12,0.07,0.0656966423959
CUUR0400SA0,2012,M04,232.561,4,West,232.039,4/1/12,0.07,0.0677503781692
CUUR0100SA0,2012,M05,245.709,5,Northeast,245.85,5/1/12,0.07,0.0705735204393
CUUR0200SA0,2012,M05,219.145,5,Midwest,219.405,5/1/12,0.07,0.0711850231307
CUUR0300SA0,2012,M05,223.356,5,South,224.275,5/1/12,0.07,0.0740976479768
CUUR0400SA0,2012,M05,233.053,5,West,232.561,5/1/12,0.07,0.0678844260216
CUUR0100SA0,2012,M06,245.201,6,Northeast,245.709,6/1/12,0.05,0.0520674863355
CUUR0200SA0,2012,M06,219.017,6,Midwest,219.145,6/1/12,0.05,0.0505840881608
CUUR0300SA0,2012,M06,223.004,6,South,223.356,6/1/12,0.05,0.0515759594549
CUUR0400SA0,2012,M06,232.701,6,West,233.053,6/1/12,0.05,0.0515103860495
CUUR0100SA0,2012,M07,244.984,7,Northeast,245.201,7/1/12,0.07,0.0708849882341
CUUR0200SA0,2012,M07,218.956,7,Midwest,219.017,7/1/12,0.07,0.0702785171927
CUUR0300SA0,2012,M07,222.667,7,South,223.004,7/1/12,0.07,0.0715111836559
CUUR0400SA0,2012,M07,231.893,7,West,232.701,7/1/12,0.07,0.0734722669864
CUUR0100SA0,2012,M08,246.252,8,Northeast,244.984,8/1/12,0.09,0.0848241517813
CUUR0200SA0,2012,M08,220.462,8,Midwest,218.956,8/1/12,0.09,0.083121905771
CUUR0300SA0,2012,M08,223.919,8,South,222.667,8/1/12,0.09,0.0843772539263
CUUR0400SA0,2012,M08,233.001,8,West,231.893,8/1/12,0.09,0.0852219342542
CUUR0100SA0,2012,M09,247.409,9,Northeast,246.252,9/1/12,0.07,0.0653015610026
CUUR0200SA0,2012,M09,221.125,9,Midwest,220.462,9/1/12,0.07,0.0669926790104
CUUR0300SA0,2012,M09,225.052,9,South,223.919,9/1/12,0.07,0.0649401346022
CUUR0400SA0,2012,M09,234.083,9,West,233.001,9/1/12,0.07,0.0653562431063
CUUR0100SA0,2012,M10,247.564,10,Northeast,247.409,10/1/12,0.11,0.109373507027
CUUR0200SA0,2012,M10,220.375,10,Midwest,221.125,10/1/12,0.11,0.11339174675
CUUR0300SA0,2012,M10,224.504,10,South,225.052,10/1/12,0.11,0.112434992802
CUUR0400SA0,2012,M10,234.966,10,West,234.083,10/1/12,0.11,0.106227833717
CUUR0100SA0,2012,M11,247.097,11,Northeast,247.564,11/1/12,0.13,0.131886380895
CUUR0200SA0,2012,M11,219.483,11,Midwest,220.375,11/1/12,0.13,0.134047646058
CUUR0300SA0,2012,M11,223.404,11,South,224.504,11/1/12,0.13,0.134899689983
CUUR0400SA0,2012,M11,233.206,11,West,234.966,11/1/12,0.13,0.137490445426
CUUR0100SA0,2012,M12,246.456,12,Northeast,247.097,12/1/12,0.04,0.0425941229558
CUUR0200SA0,2012,M12,219.033,12,Midwest,219.483,12/1/12,0.04,0.0420502726863
CUUR0300SA0,2012,M12,223.109,12,South,223.404,12/1/12,0.04,0.0413204776996
CUUR0400SA0,2012,M12,232.029,12,West,233.206,12/1/12,0.04,0.0450470399561
CUUR0100SA0,2013,M01,247.277,1,Northeast,246.456,1/1/13,0.05,0.0466687765768
CUUR0200SA0,2013,M01,219.282,1,Midwest,219.033,1/1/13,0.05,0.0488631849995
CUUR0300SA0,2013,M01,223.933,1,South,223.109,1/1/13,0.05,0.0463067379622
CUUR0400SA0,2013,M01,232.759,1,West,232.029,1/1/13,0.05,0.0468538415457
CUUR0100SA0,2013,M02,248.665,2,Northeast,247.277,2/1/13,0.08,0.0743868616976
CUUR0200SA0,2013,M02,221.599,2,Midwest,219.282,2/1/13,0.08,0.0694336972483
CUUR0300SA0,2013,M02,225.874,2,South,223.933,2/1/13,0.08,0.0713322288363
CUUR0400SA0,2013,M02,234.595,2,West,232.759,2/1/13,0.08,0.0721120128545
CUUR0100SA0,2013,M03,248.719,3,Northeast,248.665,3/1/13,0.08,0.0797828403676
CUUR0200SA0,2013,M03,222.121,3,Midwest,221.599,3/1/13,0.08,0.0776443937021
CUUR0300SA0,2013,M03,226.628,3,South,225.874,3/1/13,0.08,0.0766618557249
CUUR0400SA0,2013,M03,235.511,3,West,234.595,3/1/13,0.08,0.0760953984527
CUUR0100SA0,2013,M04,248.464,4,Northeast,248.719,4/1/13,0.05,0.0510252533984
CUUR0200SA0,2013,M04,221.931,4,Midwest,222.121,4/1/13,0.05,0.05085538963
CUUR0300SA0,2013,M04,226.202,4,South,226.628,4/1/13,0.05,0.0518797324249
CUUR0400SA0,2013,M04,235.488,4,West,235.511,4/1/13,0.05,0.0500976599819
CUUR0100SA0,2013,M05,248.584,5,Northeast,248.464,5/1/13,0.02,0.0195170326486
CUUR0200SA0,2013,M05,223.049,5,Midwest,221.931,5/1/13,0.02,0.0149623982229
CUUR0300SA0,2013,M05,226.289,5,South,226.202,5/1/13,0.02,0.019615388016
CUUR0400SA0,2013,M05,235.979,5,West,235.488,5/1/13,0.02,0.0179149680663
CUUR0100SA0,2013,M06,248.851,6,Northeast,248.584,6/1/13,0.03,0.0289259163904
CUUR0200SA0,2013,M06,223.775,6,Midwest,223.049,6/1/13,0.03,0.0267451098189
CUUR0300SA0,2013,M06,227.148,6,South,226.289,6/1/13,0.03,0.0262039692605
CUUR0400SA0,2013,M06,236.227,6,West,235.979,6/1/13,0.03,0.0289490590264
CUUR0100SA0,2013,M07,249.411,7,Northeast,248.851,7/1/13,0.02,0.0177496574255
CUUR0200SA0,2013,M07,222.902,7,Midwest,223.775,7/1/13,0.02,0.0239012400849
CUUR0300SA0,2013,M07,227.548,7,South,227.148,7/1/13,0.02,0.0182390335816
CUUR0400SA0,2013,M07,236.341,7,West,236.227,7/1/13,0.02,0.0195174133355
CUUR0100SA0,2013,M08,249.858,8,Northeast,249.411,8/1/13,0.04,0.0382077775238
CUUR0200SA0,2013,M08,223.046,8,Midwest,222.902,8/1/13,0.04,0.0393539761868
CUUR0300SA0,2013,M08,227.837,8,South,227.548,8/1/13,0.04,0.0387299382987
CUUR0400SA0,2013,M08,236.591,8,West,236.341,8/1/13,0.04,0.0389422063882
CUUR0100SA0,2013,M09,250.231,9,Northeast,249.858,9/1/13,0.02,0.0185071520624
CUUR0200SA0,2013,M09,223.252,9,Midwest,223.046,9/1/13,0.02,0.0190764236974
CUUR0300SA0,2013,M09,227.876,9,South,227.837,9/1/13,0.02,0.0198288249933
CUUR0400SA0,2013,M09,237.146,9,West,236.591,9/1/13,0.02,0.0176541795757
CUUR0100SA0,2013,M10,249.32,10,Northeast,250.231,10/1/13,0.11,0.113640636052
CUUR0200SA0,2013,M10,222.171,10,Midwest,223.252,10/1/13,0.11,0.114842061885
CUUR0300SA0,2013,M10,227.42,10,South,227.876,10/1/13,0.11,0.112001088311
CUUR0400SA0,2013,M10,237.0,10,West,237.146,10/1/13,0.11,0.110615654491
CUUR0100SA0,2013,M11,249.503,11,Northeast,249.32,11/1/13,0.05,0.0492660035296
CUUR0200SA0,2013,M11,221.718,11,Midwest,222.171,11/1/13,0.05,0.0520389699826
CUUR0300SA0,2013,M11,226.811,11,South,227.42,11/1/13,0.05,0.0526778647436
CUUR0400SA0,2013,M11,236.153,11,West,237.0,11/1/13,0.05,0.0535738396624
CUUR0100SA0,2013,M12,249.567,12,Northeast,249.503,12/1/13,0.02,0.0197434900582
CUUR0200SA0,2013,M12,221.194,12,Midwest,221.718,12/1/13,0.02,0.0223633624694
CUUR0300SA0,2013,M12,227.082,12,South,226.811,12/1/13,0.02,0.0188051725886
CUUR0400SA0,2013,M12,236.096,12,West,236.153,12/1/13,0.02,0.020241368943
CUUR0100SA0,2014,M01,251.045,1,Northeast,249.567,1/1/14,0.02,0.0140777426503
CUUR0200SA0,2014,M01,222.247,1,Midwest,221.194,1/1/14,0.02,0.0152394730418
CUUR0300SA0,2014,M01,227.673,1,South,227.082,1/1/14,0.02,0.0173974159114
CUUR0400SA0,2014,M01,236.707,1,West,236.096,1/1/14,0.02,0.0174120696666
CUUR0100SA0,2014,M02,251.233,2,Northeast,251.045,2/1/14,0.05,0.0492511302754
CUUR0200SA0,2014,M02,223.493,2,Midwest,222.247,2/1/14,0.05,0.0443936251108
CUUR0300SA0,2014,M02,228.664,2,South,227.673,2/1/14,0.05,0.0456472660351
CUUR0400SA0,2014,M02,237.614,2,West,236.707,2/1/14,0.05,0.0461682586489
CUUR0100SA0,2014,M03,252.413,3,Northeast,251.233,3/1/14,0.05,0.0453031647912
CUUR0200SA0,2014,M03,225.485,3,Midwest,223.493,3/1/14,0.05,0.0410869691668
CUUR0300SA0,2014,M03,230.095,3,South,228.664,3/1/14,0.05,0.0437419095266
CUUR0400SA0,2014,M03,239.092,3,West,237.614,3/1/14,0.05,0.0437798277879
CUUR0100SA0,2014,M04,252.506,4,Northeast,252.413,4/1/14,0.02,0.0196315562194
CUUR0200SA0,2014,M04,226.214,4,Midwest,225.485,4/1/14,0.02,0.016766968978
CUUR0300SA0,2014,M04,231.346,4,South,230.095,4/1/14,0.02,0.014563115235
CUUR0400SA0,2014,M04,239.808,4,West,239.092,4/1/14,0.02,0.0170053368578
CUUR0100SA0,2014,M05,253.598,5,Northeast,252.506,5/1/14,0.03,0.0256753502887
CUUR0200SA0,2014,M05,226.565,5,Midwest,226.214,5/1/14,0.03,0.0284483718956
CUUR0300SA0,2014,M05,231.762,5,South,231.346,5/1/14,0.03,0.0282018275656
CUUR0400SA0,2014,M05,241.35,5,West,239.808,5/1/14,0.03,0.0235698558847
CUUR0100SA0,2014,M06,253.555,6,Northeast,253.598,6/1/14,0.02,0.0201695596968
CUUR0200SA0,2014,M06,227.588,6,Midwest,226.565,6/1/14,0.02,0.0154847394787
CUUR0300SA0,2014,M06,232.269,6,South,231.762,6/1/14,0.02,0.0178124110078
CUUR0400SA0,2014,M06,241.616,6,West,241.35,6/1/14,0.02,0.0188978661695
CUUR0100SA0,2014,M07,253.833,7,Northeast,253.555,7/1/14,0.02,0.0189035909369
CUUR0200SA0,2014,M07,226.997,7,Midwest,227.588,7/1/14,0.02,0.0225967977222
CUUR0300SA0,2014,M07,232.013,7,South,232.269,7/1/14,0.02,0.0211021703284
CUUR0400SA0,2014,M07,241.85,7,West,241.616,7/1/14,0.02,0.0190315210913
CUUR0100SA0,2014,M08,253.185,8,Northeast,253.833,8/1/14,0.03,0.0325528595573
CUUR0200SA0,2014,M08,226.587,8,Midwest,226.997,8/1/14,0.03,0.0318061912713
CUUR0300SA0,2014,M08,231.611,8,South,232.013,8/1/14,0.03,0.0317326615319
CUUR0400SA0,2014,M08,241.66,8,West,241.85,8/1/14,0.03,0.0307856109159
CUUR0100SA0,2014,M09,253.154,9,Northeast,253.185,9/1/14,0.01,0.010122440113
CUUR0200SA0,2014,M09,226.913,9,Midwest,226.587,9/1/14,0.01,0.00856125903075
CUUR0300SA0,2014,M09,231.762,9,South,231.611,9/1/14,0.01,0.00934804478198
CUUR0400SA0,2014,M09,241.92,9,West,241.66,9/1/14,0.01,0.00892410825126
CUUR0100SA0,2014,M10,252.73,10,Northeast,253.154,10/1/14,0.02,0.0216748698421
CUUR0200SA0,2014,M10,225.793,10,Midwest,226.913,10/1/14,0.02,0.0249358124039
CUUR0300SA0,2014,M10,231.131,10,South,231.762,10/1/14,0.02,0.0227226206194
CUUR0400SA0,2014,M10,241.65,10,West,241.92,10/1/14,0.02,0.0211160714286
CUUR0100SA0,2014,M11,251.781,11,Northeast,252.73,11/1/14,0.04,0.0437549954497
CUUR0200SA0,2014,M11,224.396,11,Midwest,225.793,11/1/14,0.04,0.0461870828591
CUUR0300SA0,2014,M11,229.845,11,South,231.131,11/1/14,0.04,0.0455639442567
CUUR0400SA0,2014,M11,240.22,11,West,241.65,11/1/14,0.04,0.0459176494931
CUUR0100SA0,2014,M12,250.519,12,Northeast,251.781,12/1/14,0.03,0.0350122924287
CUUR0200SA0,2014,M12,222.821,12,Midwest,224.396,12/1/14,0.03,0.0370188416906
CUUR0300SA0,2014,M12,228.451,12,South,229.845,12/1/14,0.03,0.0360649568187
CUUR0400SA0,2014,M12,239.095,12,West,240.22,12/1/14,0.03,0.0346832070602
CUUR0100SA0,2015,M01,250.016,1,Northeast,250.519,1/1/15,0.02,0.0220078317413
CUUR0200SA0,2015,M01,221.545,1,Midwest,222.821,1/1/15,0.02,0.0257265697578
CUUR0300SA0,2015,M01,226.855,1,South,228.451,1/1/15,0.02,0.026986180844
CUUR0400SA0,2015,M01,238.318,1,West,239.095,1/1/15,0.02,0.0232497542818
CUUR0100SA0,2015,M02,250.619,2,Northeast,250.016,2/1/15,0.02,0.0175881543581
CUUR0200SA0,2015,M02,222.301,2,Midwest,221.545,2/1/15,0.02,0.0165876007132
CUUR0300SA0,2015,M02,227.944,2,South,226.855,2/1/15,0.02,0.0151995768222
CUUR0400SA0,2015,M02,239.748,2,West,238.318,2/1/15,0.02,0.0139996139612
CUUR0100SA0,2015,M03,251.451,3,Northeast,250.619,3/1/15,0.02,0.0166802197758
CUUR0200SA0,2015,M03,223.55,3,Midwest,222.301,3/1/15,0.02,0.0143814917612
CUUR0300SA0,2015,M03,229.337,3,South,227.944,3/1/15,0.02,0.013888849893
CUUR0400SA0,2015,M03,241.69,3,West,239.748,3/1/15,0.02,0.0118998281529
CUUR0100SA0,2015,M04,251.76,4,Northeast,251.451,4/1/15,0.02,0.0187711323479
CUUR0200SA0,2015,M04,223.797,4,Midwest,223.55,4/1/15,0.02,0.0188951017669
CUUR0300SA0,2015,M04,229.957,4,South,229.337,4/1/15,0.02,0.0172965548516
CUUR0400SA0,2015,M04,242.302,4,West,241.69,4/1/15,0.02,0.0174678306922
CUUR0100SA0,2015,M05,252.77,5,Northeast,251.76,5/1/15,0.01,0.00598824277089
CUUR0200SA0,2015,M05,224.732,5,Midwest,223.797,5/1/15,0.01,0.00582210664129
CUUR0300SA0,2015,M05,230.886,5,South,229.957,5/1/15,0.01,0.00596011428224
CUUR0400SA0,2015,M05,244.227,5,West,242.302,5/1/15,0.01,0.00205536891978
CUUR0100SA0,2015,M06,253.626,6,Northeast,252.77,6/1/15,0.0,-0.00338647782569
CUUR0200SA0,2015,M06,225.946,6,Midwest,224.732,6/1/15,0.0,-0.00540198992578
CUUR0300SA0,2015,M06,232.026,6,South,230.886,6/1/15,0.0,-0.00493750162418
CUUR0400SA0,2015,M06,244.332,6,West,244.227,6/1/15,0.0,-0.00042992789495
CUUR0100SA0,2015,M07,253.405,7,Northeast,253.626,7/1/15,0.03,0.0308713617689
CUUR0200SA0,2015,M07,225.853,7,Midwest,225.946,7/1/15,0.03,0.0304116027723
CUUR0300SA0,2015,M07,231.719,7,South,232.026,7/1/15,0.03,0.0313231275805
CUUR0400SA0,2015,M07,245.04,7,West,244.332,7/1/15,0.03,0.0271023034232
CUUR0100SA0,2015,M08,252.903,8,Northeast,253.405,8/1/15,0.03,0.0319810185277
CUUR0200SA0,2015,M08,225.83,8,Midwest,225.853,8/1/15,0.03,0.0301018361501
CUUR0300SA0,2015,M08,231.26,8,South,231.719,8/1/15,0.03,0.031980847492
CUUR0400SA0,2015,M08,244.737,8,West,245.04,8/1/15,0.03,0.031236532811
CUUR0100SA0,2015,M09,252.922,9,Northeast,252.903,9/1/15,0.0,-7.51276180986e-05
CUUR0200SA0,2015,M09,225.184,9,Midwest,225.83,9/1/15,0.0,0.00286055882744
CUUR0300SA0,2015,M09,230.913,9,South,231.26,9/1/15,0.0,0.00150047565511
CUUR0400SA0,2015,M09,244.257,9,West,244.737,9/1/15,0.0,0.00196128905723
CUUR0100SA0,2015,M10,252.504,10,Northeast,252.922,10/1/15,0.01,0.011652683436
CUUR0200SA0,2015,M10,225.05,10,Midwest,225.184,10/1/15,0.01,0.0105950689214
CUUR0300SA0,2015,M10,230.86,10,South,230.913,10/1/15,0.01,0.0102295236734
CUUR0400SA0,2015,M10,244.341,10,West,244.257,10/1/15,0.01,0.00965609992754
CUUR0100SA0,2015,M11,252.573,11,Northeast,252.504,11/1/15,0.07,0.0697267370022
CUUR0200SA0,2015,M11,224.009,11,Midwest,225.05,11/1/15,0.07,0.0746256387469
CUUR0300SA0,2015,M11,230.422,11,South,230.86,11/1/15,0.07,0.0718972537469
CUUR0400SA0,2015,M11,243.749,11,West,244.341,11/1/15,0.07,0.0724228434851
CUUR0100SA0,2015,M12,251.67,12,Northeast,252.573,12/1/15,0.17,0.173575204
CUUR0200SA0,2015,M12,222.722,12,Midwest,224.009,12/1/15,0.17,0.175745304876
CUUR0300SA0,2015,M12,229.581,12,South,230.422,12/1/15,0.17,0.173649825104
CUUR0400SA0,2015,M12,243.434,12,West,243.749,12/1/15,0.17,0.171292312994
